[{"id":"user-image-ret-min.jpg","publicUrl":"np://user.desktop.nicepage.com/Site_1028625641/images/ret-min.jpg","size":39455,"hash":"46HuxwEY74Ek1JpwQKB7mWfV7Z8=","fileName":"ret-min.jpg","name":"ret-min","width":800,"height":921,"thumbnail":{"url":"np://user.desktop.nicepage.com/Site_1028625641/images/thumbnails/ret-min.jpg","width":217,"height":250},"originalUrl":"//images03.nicepage.com/c461c07a441a5d220e8feb1a/75f097b361975b92a095e949/ret-min.jpg","usages":["181809549"]},{"id":"user-image-w4-min.jpg","publicUrl":"np://user.desktop.nicepage.com/Site_1028625641/images/w4-min.jpg","size":462986,"hash":"fqH9Gbga2Ye5QiJ+uFE/Iaueclg=","fileName":"w4-min.jpg","name":"w4-min","width":1980,"height":806,"thumbnail":{"url":"np://user.desktop.nicepage.com/Site_1028625641/images/thumbnails/w4-min.jpg","width":250,"height":102},"originalUrl":"//images03.nicepage.com/c461c07a441a5d220e8feb1a/1d7522477e8255a697949ad4/w4-min.jpg?version=","usages":["181809549"]},{"id":"user-image-732a34a02492172480abcd52c2897da716ed779d7a85655385f76bc7280e165c8ba4273e1bc04a7c54d3748a0a9c7a5c4316979c7013c9fba7a2fd_1280.jpg","publicUrl":"np://user.desktop.nicepage.com/Site_1028625641/images/732a34a02492172480abcd52c2897da716ed779d7a85655385f76bc7280e165c8ba4273e1bc04a7c54d3748a0a9c7a5c4316979c7013c9fba7a2fd_1280.jpg","size":149466,"hash":"eLydnutUlzJBTle4E6OXXT3uYyY=","fileName":"732a34a02492172480abcd52c2897da716ed779d7a85655385f76bc7280e165c8ba4273e1bc04a7c54d3748a0a9c7a5c4316979c7013c9fba7a2fd_1280.jpg","name":"732a34a02492172480abcd52c2897da716ed779d7a85655385f76bc7280e165c8ba4273e1bc04a7c54d3748a0a9c7a5c4316979c7013c9fba7a2fd_1280","width":1280,"height":850,"thumbnail":{"url":"np://user.desktop.nicepage.com/Site_1028625641/images/thumbnails/732a34a02492172480abcd52c2897da716ed779d7a85655385f76bc7280e165c8ba4273e1bc04a7c54d3748a0a9c7a5c4316979c7013c9fba7a2fd_1280.jpg","width":250,"height":166},"usages":["181809549"]},{"id":"user-image-919847.png","publicUrl":"np://user.desktop.nicepage.com/Site_1028625641/images/919847.png","size":6138,"hash":"6YURdlV7BB1Ys2yt0StkZoktwmo=","fileName":"919847.png","name":"919847","width":128,"height":128,"thumbnail":{"url":"np://user.desktop.nicepage.com/Site_1028625641/images/thumbnails/919847.png","width":128,"height":128,"length":6138,"type":"png"},"usages":["181809549"]},{"id":"user-image-5968933.png","publicUrl":"np://user.desktop.nicepage.com/Site_1028625641/images/5968933.png","size":4053,"hash":"BXSDFtHnsBo6wK3OQV8EN8DAx2Y=","fileName":"5968933.png","name":"5968933","width":128,"height":128,"thumbnail":{"url":"np://user.desktop.nicepage.com/Site_1028625641/images/thumbnails/5968933.png","width":128,"height":128,"length":4053,"type":"png"},"usages":["181809549"]},{"id":"user-image-MODELAGEMRELACIONALDBACADEMIA.png","publicUrl":"np://user.desktop.nicepage.com/Site_1028625641/images/MODELAGEMRELACIONALDBACADEMIA.png","size":114875,"hash":"2uEGiq/tTTQjhNk2sUbx2Y80pps=","fileName":"MODELAGEMRELACIONALDBACADEMIA.png","name":"MODELAGEMRELACIONALDBACADEMIA","width":2145,"height":1204,"thumbnail":{"url":"np://user.desktop.nicepage.com/Site_1028625641/images/thumbnails/MODELAGEMRELACIONALDBACADEMIA.png","width":250,"height":140},"usages":["181809549"]}]